Species,conservative,liberal,mono.poly,Social,PCO1,PCO2,PCO3,ActivityCycle,AdultBodyMass.g,DietBreadth,HabitatBreadth,HomeRange.Indiv.km2,InterbirthInterval.d,LitterSize,MaxLongevity.m,PopulationDensity.n.km2,SexualMaturityAge.d,WeaningAge.d,GR.Area.km2,GR.MidRangeLat.dd,GR.MidRangeLong.dd,HuPopDen.Mean.n.km2,Precip.Mean.mm,Temp.Mean.01degC
Acinonyx jubatus,Negative,Negative,1,0,45.04,5.07,67.16,3,50577.92,1,1,94.38,547.5,3.28,228,0.01,741.97,91.42,10586306.53,4.24,22.95,19.88,51.26,230.83
Ailuropoda melanoleuca,Negative,Negative,1,0,-32.79,-1.30,0.05,2,117999.99,3,1,3.76,638.75,1.62,360,0.18,2413.02,178.98,36206.89,30.76,104.78,103.55,101.81,65.51
Ailurus fulgens,Negative,Negative,1,0,-46.13,-12.38,-0.15,2,5170.08,3,1,1.52,365,1.7,168,NA,604.05,136.87,1075406.59,28.38,94.38,51.8,131.93,44.73
Aonyx capensis,Negative,Negative,0,0,-56.50,-20.96,-0.31,2,19322.22,6,2,119.27,NA,2.62,132,0.35,371.23,NA,14162350.57,-8.89,12.27,39.28,100.07,233.07
Aonyx cinerea,Negative,Negative,0,1,-56.50,-20.96,-0.31,1,3527.59,2,2,NA,182.5,1.47,121,NA,NA,79.54,3673360.97,11.3,98.3,216.27,173.12,226.57
Arctictis binturong,Negative,Negative,0,0,59.14,-16.57,-24.53,1,12999.99,3,1,NA,317.6,2.5,272.4,NA,1034.61,117.57,2913838.88,9.84,104.16,124.73,194.92,229.94
Arctocephalus australis,Negative,Negative,1,1,-42.10,-5.27,0.03,1,67979.43,6,2,NA,365,1,252,NA,1729.33,365,NA,NA,NA,NA,NA,NA
Arctocephalus forsteri,Negative,Negative,1,1,-42.10,-5.27,0.03,1,101249.99,6,2,NA,365,1,180,NA,2668.42,323.72,NA,NA,NA,NA,NA,NA
Arctocephalus galapagoensis,Negative,Negative,1,1,-42.10,-5.27,0.03,1,39448.04,6,2,NA,730,1,264,NA,1683.65,821.25,NA,NA,NA,NA,NA,NA
Arctocephalus gazella,Negative,Negative,1,1,-42.10,-5.27,0.03,1,96599.99,1,2,NA,365,1,276,22,1691.66,116.28,NA,NA,NA,NA,NA,NA
Arctocephalus philippii,Negative,Negative,1,1,-42.10,-5.27,0.03,NA,94999.99,6,2,NA,365,1,NA,NA,NA,NA,NA,NA,NA,NA,NA,NA
Arctocephalus pusillus,Negative,Negative,1,1,-42.09,-5.27,0.03,1,178500,1,2,NA,365,1,252,NA,1698.17,356.3,NA,NA,NA,NA,NA,NA
Arctocephalus townsendi,Negative,Negative,1,1,-42.10,-5.27,0.03,NA,101063.71,1,2,NA,365,1,288,NA,NA,328.13,NA,NA,NA,NA,NA,NA
Arctocephalus tropicalis,Negative,Negative,1,1,-42.10,-5.27,0.03,NA,92222.55,6,2,NA,365,1.4,276,NA,1538.68,304.16,NA,NA,NA,NA,NA,NA
Arctogalidia trivirgata,Negative,Negative,NA,0,58.95,-16.45,-24.31,1,2323.79,6,1,NA,182.5,2.79,190,NA,841.82,49.41,2766097.4,10.9,105.38,97.79,199.26,232.1
Arctonyx collaris,Negative,Negative,NA,0,-55.41,-20.04,-0.29,1,8166.52,6,1,NA,NA,3,167,NA,NA,165.64,4519063.86,16.92,107.06,250.46,124.48,169.67
Atelocynus microtis,Negative,Negative,NA,0,-6.83,85.22,-17.36,NA,8363.22,1,1,NA,NA,NA,132,NA,NA,NA,7634256.6,-13.76,-61.08,7.43,163.06,235.49
Atilax paludinosus,Negative,Positive,NA,NA,62.12,-18.71,-28.77,2,3600.16,6,2,1.62,182.5,2,209,NA,234.83,35.89,14296320.45,-8.88,12.52,37.15,99.93,233.39
Bassaricyon alleni,Negative,Negative,NA,NA,-50.04,-15.39,-0.20,NA,NA,NA,NA,NA,NA,NA,NA,NA,NA,NA,467192.71,-7.01,-71.69,2.2,208.81,258.1
Bassaricyon beddardi,Negative,Negative,NA,NA,-50.04,-15.39,-0.20,1,1235.01,NA,1,NA,NA,NA,NA,NA,NA,NA,441326.32,2.85,-64.01,0.69,186.26,239.89
Bassaricyon gabbii,Negative,Negative,1,0,-50.04,-15.39,-0.20,1,1250,6,2,NA,NA,1,300,6.02,607.2,89.49,803202.18,5.08,-77.78,46.86,176.37,230.94
Bassaricyon lasius,Negative,Negative,NA,NA,-50.04,-15.39,-0.20,1,1200,NA,1,NA,NA,NA,NA,NA,NA,NA,3842.65,10.06,-83.83,196.05,238.21,218.22
Bassaricyon pauli,Negative,Negative,NA,NA,-50.04,-15.39,-0.20,1,1200,NA,1,NA,NA,NA,NA,NA,NA,NA,1402.79,8.86,-82.87,29.67,233,295.37
Bassariscus astutus,Negative,Negative,NA,0,-50.08,-15.41,-0.20,1,1010.37,6,1,0.78,365,3,198,3.58,278.08,53.84,3916072.44,29.65,-107.94,37.3,45.32,153.99
Bassariscus sumichrasti,Negative,Negative,NA,0,-50.08,-15.41,-0.20,1,906,6,1,NA,NA,2,276,17.89,841.82,119.32,625977.74,15.06,-91.5,60.47,134.37,230.31
Bdeogale crassicauda,Negative,Negative,NA,0,62.20,-18.77,-28.88,1,1722.13,1,1,NA,NA,0.96,NA,NA,NA,NA,1654322.83,-11.01,33.53,38.56,82.89,229.26
Bdeogale jacksoni,Negative,Negative,NA,0,62.20,-18.77,-28.88,NA,2500,2,1,NA,NA,NA,NA,NA,NA,NA,81428.64,0.25,36.16,188.08,80.08,196.41
Bdeogale nigripes,Negative,Negative,NA,0,62.20,-18.77,-28.88,1,2623.01,6,1,NA,NA,1,190,NA,NA,NA,3117248.8,0.73,19.61,21.16,145.53,242.16
Callorhinus ursinus,Negative,Negative,1,1,-42.02,-5.25,0.03,2,55464.82,6,2,NA,365,1.04,420,18,1683.65,108.69,NA,NA,NA,NA,NA,NA
Canis adustus,Positive,Positive,0,1,-6.82,85.01,-17.31,1,10392.49,6,1,1.01,NA,4.5,137,0.74,249.88,52.89,10581413.14,-6,13,35.2,90.75,236.51
Canis aureus,Positive,Positive,0,1,-6.82,85.13,-17.34,2,9658.7,6,1,3.13,365,3.74,192,0.22,371.23,61.3,25739527.43,21.14,45.74,79.29,44.61,217.23
Canis latrans,Positive,Positive,0,1,-6.82,85.13,-17.34,2,11989.1,1,1,19.91,365,5.72,262,0.25,372.9,43.71,17099094.3,39.7,-117.6,27.27,53.03,58.18
Canis lupus,Positive,Positive,0,1,-6.82,85.13,-17.34,2,31756.51,1,1,43.13,365,4.98,354,0.01,679.37,44.82,50803439.7,47.38,3.9,37.87,34.79,4.82
Canis mesomelas,Positive,Positive,0,1,-6.82,85.01,-17.31,2,8247.3,6,1,12.82,273.75,3.89,168,0.74,241.4,34.1,6248779.95,-9.18,31.56,30.81,49.27,213.33
Canis simensis,Negative,Negative,0,1,-6.82,85.12,-17.34,3,14361.86,1,1,5.02,365,NA,NA,1.2,754.74,69.6,11402.81,9.93,38.99,99.87,83.87,99.03
Caracal caracal,Negative,Negative,1,0,44.74,5.00,65.92,1,11964.38,1,1,275.76,365,2.3,204,NA,437.27,120.41,26609096.78,5.5,31.75,39.44,40.03,221.57
Catopuma badia,Negative,Negative,NA,0,44.91,5.04,66.65,NA,3429.52,NA,1,NA,NA,NA,NA,NA,NA,NA,261512.24,2.84,115.07,12.38,278.55,227.89
Catopuma temminckii,Negative,Negative,NA,0,44.91,5.04,66.65,NA,7726.46,1,1,NA,NA,1.5,216,NA,NA,NA,3437288.13,11.88,104.15,147.92,156.56,197.24
Cerdocyon thous,Positive,Positive,0,1,-6.83,85.21,-17.36,1,5741.66,7,1,1.49,243.33,3.09,138,3.54,279.15,72.33,7091683.41,-11.22,-55.68,35.64,118.7,229.96
Chrotogale owstoni,Negative,Negative,NA,0,59.14,-16.57,-24.52,2,3267.71,6,1,NA,NA,NA,NA,NA,NA,NA,27879.9,22.03,105.03,297.26,136.85,183.06
Chrysocyon brachyurus,Negative,Negative,0,0,-6.82,84.98,-17.30,2,23325,6,1,22.62,NA,2,180,NA,420.91,119,5038801.01,-17.32,-52.48,23.01,110.24,223.49
Civettictis civetta,Negative,Negative,NA,0,58.97,-16.46,-24.32,1,12075.58,6,1,NA,212.14,2.31,336,NA,286.24,82.91,14207678.6,-6.02,13.26,36.77,101.3,237.14
Conepatus chinga,Negative,Negative,1,0,-47.10,-12.87,-0.16,NA,NA,NA,NA,NA,NA,NA,NA,NA,NA,NA,3247304.52,-24.6,-66.13,25.6,65.02,133.91
Conepatus humboldtii,Negative,Negative,NA,0,-47.10,-12.87,-0.16,1,1097.61,1,2,0.11,NA,3.49,NA,NA,NA,NA,709172.73,-45.97,-68.78,3.02,30.56,80.76
Conepatus leuconotus,Negative,Negative,1,0,-47.10,-12.87,-0.16,1,3293.91,1,1,NA,182.5,3.6,84,NA,340.6,45.56,2509559.21,26,-99.88,43.68,56.58,180.72
Conepatus semistriatus,Negative,Negative,1,0,-47.10,-12.87,-0.16,1,1997.34,6,2,0.25,NA,3.49,NA,9.52,NA,NA,2032658.27,4.29,-66.03,65.25,130.15,243.25
Crocuta crocuta,Negative,Positive,1,1,58.63,-16.33,-24.16,1,63369.98,1,1,53.84,441.04,1.91,493.2,0.12,789.54,371.37,14790149.69,-5.14,16.93,33.56,78.32,238.46
Crossarchus alexandri,Negative,Negative,NA,NA,62.27,-18.82,-28.97,NA,1503.4,NA,1,NA,NA,4,NA,NA,NA,NA,1464819.63,-0.31,25.63,21.39,143.64,240.89
Crossarchus ansorgei,Negative,Negative,0,1,62.27,-18.82,-28.97,3,700,6,1,NA,NA,NA,NA,NA,NA,NA,604251.42,-3.67,20.06,9.34,154.3,250.03
Crossarchus obscurus,Negative,Negative,NA,1,62.27,-18.82,-28.97,3,1395.09,6,1,NA,121.66,4.29,108,NA,278.42,29.23,438210.83,6.82,-6.63,72.53,175.02,256.38
Cryptoprocta ferox,Negative,Negative,NA,0,60.40,-17.54,-26.50,2,9500,2,3,0.9,NA,2.98,240,0.88,1262.74,136.1,214312.12,-18.96,46.85,24.1,125.27,221.98
Cuon alpinus,Negative,Negative,0,1,-6.82,85.12,-17.34,2,15800,1,1,39.99,365,4.3,192,0.55,374.18,57.33,10546280.1,23.37,106.52,145,95.28,96.48
Cynictis penicillata,Positive,Positive,NA,1,62.19,-18.77,-28.87,3,694.41,1,1,2,365,2.15,182.4,NA,350.57,41.76,2233627.48,-25.71,22.04,15.27,33.29,184.21
Cynogale bennettii,Negative,Negative,NA,NA,59.12,-16.56,-24.51,2,4246.57,6,2,NA,NA,2.3,60,NA,NA,NA,170977.09,1.05,108.08,60.48,235.45,254.4
Cystophora cristata,Negative,Negative,1,0,-41.98,-5.24,0.03,NA,278896.81,6,2,NA,365,1,420,4.82E-03,1262.74,9.5,NA,NA,NA,NA,NA,NA
Diplogale hosei,Negative,Negative,NA,NA,59.14,-16.57,-24.53,1,NA,6,1,NA,NA,NA,NA,NA,NA,NA,14471.88,5.41,116.42,34.39,257.68,231.32
Dologale dybowskii,Negative,Negative,NA,0,62.26,-18.82,-28.96,NA,361.92,NA,1,NA,NA,4,NA,NA,NA,NA,433013.15,2.78,28.71,39.34,124.43,234.33
Dusicyon australis,Negative,Negative,0,1,-6.83,85.24,-17.37,NA,NA,1,1,NA,NA,NA,NA,NA,NA,NA,NA,NA,NA,NA,NA,NA
Eira barbara,Negative,Negative,NA,0,-55.93,-20.48,-0.30,2,4134.99,2,2,10.7,NA,2.14,216,1.77,766.15,94.46,13411787.9,-4.49,-72.54,28.16,149.9,235.82
Enhydra lutris,Negative,Negative,1,1,-56.41,-20.88,-0.31,3,27410.93,6,1,3.63,365,0.96,360,6.46,1022.33,178.98,NA,NA,NA,NA,NA,NA
Erignathus barbatus,Negative,Negative,1,0,-41.90,-5.21,0.03,NA,279999.99,6,2,NA,547.5,1,377.43,0.01,2199.16,20.94,NA,NA,NA,NA,NA,NA
Eumetopias jubatus,Negative,Negative,1,1,-42.08,-5.27,0.03,1,382466.74,6,2,NA,365,0.96,360,NA,1965.83,351,NA,NA,NA,NA,NA,NA
Eupleres goudotii,Negative,Negative,NA,0,60.49,-17.60,-26.61,2,2763.34,6,1,NA,NA,1,NA,NA,NA,62.99,111808.26,-18.76,47.44,33.45,163.67,207.15
Felis bieti,Negative,Negative,1,0,45.10,5.09,67.42,NA,5486.95,NA,1,NA,NA,NA,NA,NA,NA,NA,383107.61,37.08,100.3,33.45,30.11,-4.92
Felis catus,Negative,Negative,1,1,45.10,5.09,67.41,NA,2884.8,NA,NA,1.52,NA,NA,408,3.47,296.98,NA,NA,NA,NA,NA,NA,NA
Felis chaus,Negative,Negative,1,0,45.09,5.09,67.39,2,7157.99,1,1,NA,130.01,2.94,144,NA,383.18,95.49,8986835.66,26.78,68.28,178.67,74.24,201.07
Felis manul,Negative,Negative,1,0,45.01,5.07,67.06,1,3050,1,1,NA,NA,4.83,NA,NA,NA,NA,8390117.08,40.56,84.32,21.03,29.96,7.27
Felis margarita,Negative,Negative,NA,NA,45.09,5.09,67.41,1,2823.36,1,1,NA,197.7,4.12,NA,NA,NA,NA,12141993.7,30.41,26.61,10.35,7.48,223.87
Felis nigripes,Negative,Negative,1,0,45.09,5.09,67.39,2,1362.77,1,1,NA,228.12,1.78,144,NA,284.58,67.23,1732323.73,-24.65,22.29,8.32,30.61,186.65
Felis silvestris,Negative,Negative,1,0,45.10,5.09,67.42,2,4573.08,1,1,1.36,148.25,3.59,336,0.36,350.76,76.01,32110980.01,8.59,47.3,43.43,46.98,192.78
Fossa fossana,Negative,Negative,0,0,60.49,-17.60,-26.61,1,1853.98,6,2,0.9,365,1,132,3.41,533.97,66.84,106522.05,-18.81,48.5,37.33,168.03,202.81
Galerella flavescens,Negative,Negative,NA,NA,62.16,-18.75,-28.83,NA,750,NA,1,NA,NA,NA,NA,NA,NA,NA,279748.74,-17.71,14.25,4.05,36.5,181.27
Galerella ochracea,Negative,Negative,NA,NA,62.16,-18.75,-28.83,NA,NA,NA,NA,NA,NA,NA,NA,NA,NA,NA,452479.81,4.71,45.71,14.41,23.4,259.65
Galerella pulverulenta,Negative,Negative,NA,0,62.16,-18.74,-28.82,3,791.4,2,1,4.03,NA,2.25,104.5,10,NA,NA,634570.78,-30.16,23.18,24.97,28.26,158.01
Galerella sanguinea,Positive,Positive,1,0,62.16,-18.74,-28.82,3,543.83,6,1,0.79,182.5,2.5,72,1.32,465.57,54.44,16368169.48,-7.06,16.93,33.39,84.92,233.27
Galictis cuja,Negative,Negative,1,1,-56.41,-20.88,-0.31,2,1000,1,1,NA,NA,NA,87,NA,NA,NA,4564918.07,-29.01,-58.14,34.44,76.07,152.93
Galictis vittata,Negative,Negative,0,1,-56.41,-20.88,-0.31,NA,NA,NA,NA,NA,NA,NA,NA,NA,NA,NA,10078448.48,3.5,-66.73,18.86,159.64,247.98
Galidia elegans,Negative,Negative,NA,1,60.60,-17.67,-26.76,2,810,6,4,0.2,365,1,158.4,15.85,742.46,59.27,120561.29,-18.76,47.19,28.71,154.88,212
Galidictis fasciata,Negative,Negative,0,0,60.62,-17.69,-26.78,2,549.99,2,1,NA,365,1,NA,NA,NA,NA,87237.59,-19.6,48.5,33.5,178.59,197.78
Galidictis grandidieri,Negative,Negative,0,1,60.62,-17.69,-26.78,2,1400,2,1,NA,365,1,NA,NA,NA,NA,4044.38,-24.29,43.96,13,43.21,241.82
Genetta abyssinica,Negative,Negative,NA,NA,59.73,-16.96,-25.25,NA,1405.48,NA,1,NA,NA,NA,NA,NA,NA,NA,418638.21,12.72,40.62,55.58,61.18,232.59
Genetta angolensis,Negative,Negative,NA,NA,59.88,-17.05,-25.42,1,1859.64,NA,1,NA,NA,NA,NA,NA,NA,NA,2087717.97,-9.97,26.29,19.81,94.05,216.39
Genetta cristata,Negative,Negative,NA,NA,59.86,-17.04,-25.40,1,1863.23,2,NA,NA,NA,2.5,408,NA,NA,NA,210874.67,5.47,9.98,113.75,179.62,241.95
Genetta genetta,Negative,Negative,NA,0,59.86,-17.04,-25.40,1,1756.17,6,1,11.54,182.5,2.29,408,1.88,1262.74,71.8,17766920.65,7.53,16.93,39.75,53.49,228.99
Genetta johnstoni,Negative,Negative,NA,NA,59.80,-17.00,-25.33,NA,2225,NA,1,NA,NA,NA,NA,NA,NA,NA,180606.44,6.86,-8.95,35.89,219.22,246.68
Genetta maculata,Negative,Negative,NA,NA,59.88,-17.05,-25.42,1,1950,6,1,NA,NA,2.12,NA,NA,NA,NA,12805950.62,-5.9,23.09,34.65,96.79,233.19
Genetta pardina,Negative,Negative,NA,NA,59.88,-17.05,-25.42,NA,NA,NA,NA,NA,NA,NA,NA,NA,NA,NA,1125427.08,8.96,-8.07,50.48,146.26,262.43
Genetta piscivora,Negative,Negative,NA,0,59.86,-17.04,-25.41,1,1648.05,1,2,NA,NA,0.96,NA,NA,NA,NA,222754.63,0.61,24.78,18.8,144.85,236.26
Genetta servalina,Negative,Negative,NA,NA,59.86,-17.04,-25.41,1,1175.84,6,1,NA,NA,1.5,NA,NA,NA,NA,3667035.54,-1.88,24.13,30.75,133.53,236.65
Genetta thierryi,Negative,Negative,NA,NA,59.73,-16.96,-25.25,NA,1400,NA,1,NA,NA,NA,NA,NA,NA,NA,2289307.11,11.31,-1.18,73.19,108.6,265.67
Genetta tigrina,Negative,Negative,NA,0,59.87,-17.05,-25.42,1,2066.57,6,1,0.04,304.16,2.76,180,NA,841.82,87.77,587510.9,-28.48,25.37,61.1,54.32,170.06
Genetta victoriae,Negative,Negative,NA,NA,59.76,-16.97,-25.28,NA,2743.69,NA,1,NA,NA,NA,NA,NA,NA,NA,657455.4,0.24,23.91,25.47,140.08,234.39
Gulo gulo,Negative,Negative,1,0,-55.94,-20.49,-0.30,1,12792.49,1,1,363.58,821.25,2.84,216,7.92E-03,756.6,83.64,24495951.71,60.67,5.93,3.75,32.21,-72.05
Halichoerus grypus,Negative,Negative,1,1,-42.02,-5.25,0.03,NA,197570.01,2,2,NA,365,0.96,560.07,NA,1770.72,18.37,NA,NA,NA,NA,NA,NA
Helarctos malayanus,Negative,Negative,NA,0,-32.93,-1.32,0.05,1,57075.78,3,1,NA,NA,1.1,297.6,NA,NA,90.36,2525372.13,9.67,108.18,97.72,200.18,243.88
Helogale hirtula,Negative,Negative,0,1,62.26,-18.82,-28.96,3,484.63,1,1,NA,NA,NA,NA,NA,NA,NA,1080149.67,1.75,42.13,23.39,41.92,242
Helogale parvula,Negative,Negative,0,1,62.26,-18.82,-28.96,3,281.83,1,1,0.28,141.94,3.49,131,NA,423.04,21,6944753.53,-7.04,31.73,30.49,71.37,222.44
Hemigalus derbyanus,Negative,Negative,NA,0,59.14,-16.57,-24.53,1,1262.7,6,1,NA,NA,1.73,144,NA,NA,69.6,1431386.4,4.74,107.22,70.76,245.18,248.86
Herpestes brachyurus,Negative,Negative,NA,NA,62.12,-18.72,-28.78,1,1396.16,1,1,NA,NA,3.49,NA,NA,NA,NA,1313618.8,3.19,107.76,65.98,243.65,248.41
Herpestes edwardsi,Negative,Negative,NA,1,62.17,-18.75,-28.85,3,1304.67,6,1,NA,109.5,2,NA,NA,311.36,34.8,3629768.58,19.99,69.16,313.35,80.62,242.34
Herpestes fuscus,Negative,Negative,NA,NA,62.17,-18.75,-28.85,NA,NA,NA,NA,NA,NA,NA,NA,NA,NA,NA,91597.58,10.17,78.62,332.93,132.76,255.19
Herpestes ichneumon,Negative,Negative,NA,NA,62.15,-18.74,-28.82,2,2980.02,6,1,2.05,365,3,240,NA,729.99,58.09,14429050.1,2.37,14.68,50.25,80.56,232.14
Herpestes javanicus,Positive,Positive,NA,1,62.17,-18.75,-28.85,3,750,6,1,0.26,152.08,2.21,120,39.59,166.84,43.59,6880297.87,14.29,78.4,188.18,96.01,208.18
Herpestes naso,Negative,Negative,NA,NA,62.13,-18.72,-28.78,1,3002.08,1,1,0.38,NA,NA,NA,NA,NA,NA,2499072.82,-2.46,17.58,22.84,147.65,242.71
Herpestes semitorquatus,Negative,Negative,NA,NA,62.17,-18.75,-28.85,NA,NA,NA,1,NA,NA,NA,NA,NA,NA,NA,209629.86,0.32,109.16,41.72,273.83,241.51
Herpestes smithii,Negative,Negative,NA,NA,62.17,-18.75,-28.85,1,1702.5,6,1,NA,NA,2.5,NA,NA,NA,NA,1629561.03,15.21,80.19,321.15,99.82,258.68
Herpestes urva,Negative,Negative,NA,NA,62.12,-18.72,-28.78,1,2384.19,6,1,NA,NA,3,160,NA,NA,NA,3243514.37,17.26,103.99,222.81,144.94,194.75
Herpestes vitticollis,Negative,Negative,NA,NA,62.13,-18.72,-28.78,2,2380,NA,1,NA,NA,2.73,NA,NA,NA,NA,197229,10.47,78.28,377.61,129.65,258.43
Histriophoca fasciata,Negative,Negative,1,1,-42.00,-5.24,0.03,NA,90000,6,2,NA,365,1,372,NA,1262.74,24.5,NA,NA,NA,NA,NA,NA
Hyaena brunnea,Negative,Negative,1,1,58.63,-16.33,-24.16,1,42977.93,6,2,23.38,532.29,2.3,204,0.01,807.23,302.44,1981470.71,-24.3,22.39,12.77,34.35,186.6
Hyaena hyaena,Negative,Negative,NA,1,58.63,-16.33,-24.16,2,35070.51,6,1,47.87,237.25,2.44,288,NA,928.08,118.93,24254343.2,16.93,34.64,56.87,29.52,228.97
Hydrictis maculicollis,Negative,Negative,NA,0,-56.49,-20.95,-0.31,2,4180.53,1,2,NA,365,2,NA,NA,841.82,60.48,11363947.46,-8.13,13.37,37.8,106.5,237.71
Hydrurga leptonyx,Negative,Negative,1,0,-41.95,-5.23,0.03,2,352675.48,6,2,NA,365,0.96,312,0.11,1389.01,30.41,NA,NA,NA,NA,NA,NA
Ichneumia albicauda,Negative,Negative,1,0,62.15,-18.74,-28.82,1,3628.4,1,1,0.64,NA,2.35,144,3.7,754.74,NA,14326821.09,-3.69,21.15,35.94,73.59,237.16
Ictonyx libyca,Negative,Negative,NA,NA,-56.40,-20.87,-0.31,1,225.18,6,1,NA,NA,2,60,NA,NA,NA,12285728.6,23.09,10.19,20.3,15.87,244.56
Ictonyx striatus,Negative,Negative,1,0,-56.19,-20.70,-0.30,1,811.02,6,1,NA,365,2.3,160,NA,447.7,59.09,16688705.64,-6.1,15.42,28.73,63.09,235.22
Leopardus braccatus,Negative,Negative,NA,NA,45.08,5.09,67.35,NA,NA,NA,NA,NA,NA,NA,NA,NA,NA,NA,935418.44,-24.26,-54.78,17.31,114.18,212.99
Leopardus colocolo,Negative,Negative,NA,NA,45.08,5.09,67.35,NA,NA,NA,NA,NA,NA,NA,NA,NA,NA,NA,180642.4,-25.46,-69.95,46.92,25.86,12.4
Leopardus geoffroyi,Negative,Negative,NA,0,45.08,5.09,67.35,NA,NA,NA,NA,NA,NA,NA,NA,NA,NA,NA,3653843.2,-33.21,-61.27,11.82,68.4,157.23
Leopardus guigna,Negative,Negative,NA,0,45.08,5.09,67.35,NA,NA,NA,NA,NA,NA,NA,NA,NA,NA,NA,190039.77,-39.4,-72.53,47.1,102.85,83.63
Leopardus jacobitus,Negative,Negative,NA,0,45.07,5.08,67.31,NA,8133.78,1,1,NA,NA,NA,NA,NA,NA,NA,931676.41,-20.56,-69.36,15.71,80.94,95.75
Leopardus pajeros,Negative,Negative,NA,NA,45.08,5.09,67.35,NA,NA,NA,NA,NA,NA,NA,NA,NA,NA,NA,2316055.55,-26.41,-70.23,8.82,79.39,135.8
Leopardus pardalis,Negative,Negative,1,0,45.08,5.08,67.34,2,11880,1,1,5.38,360.9,1.66,243.6,0.42,678.64,106.18,16040024.42,-0.41,-74.28,26.95,137.68,228.69
Leopardus tigrinus,Negative,Negative,NA,0,45.08,5.09,67.35,NA,NA,NA,NA,NA,NA,NA,NA,NA,NA,NA,11884529.12,-9.35,-59.58,25.54,146.19,238.17
Leopardus wiedii,Negative,Negative,NA,0,45.08,5.08,67.34,2,3270.81,1,2,8.01,NA,1.5,240,NA,1052.28,93.4,12404067.35,-3.38,-74.15,24.7,153.31,237.03
Leptailurus serval,Negative,Negative,1,0,44.74,5.00,65.89,2,11999.96,1,1,1.95,182.5,2.35,276,NA,887.95,104.68,12526196.74,1.48,15.05,36.32,89.07,235.57
Leptonychotes weddellii,Negative,Negative,1,0,-41.95,-5.23,0.03,2,400000,6,2,NA,365,1,300,0.12,1587.55,43.35,NA,NA,NA,NA,NA,NA
Liberiictis kuhni,Negative,Negative,NA,1,62.25,-18.80,-28.94,3,1825.47,6,1,NA,NA,NA,NA,NA,NA,NA,125428.68,6.42,-9.34,33.18,240.02,244.82
Lobodon carcinophaga,Negative,Negative,0,0,-41.95,-5.23,0.03,2,224999.99,1,2,NA,547.5,0.96,468,1.01,1522.5,31.32,NA,NA,NA,NA,NA,NA
Lontra canadensis,Negative,Negative,1,0,-56.50,-20.96,-0.31,2,8087.42,1,2,16.95,365,2.67,300,1.12,729.99,121.66,11887021.15,47.6,-110.38,19.38,55.55,10.63
Lontra felina,Negative,Negative,0,0,-56.50,-20.96,-0.31,3,11195.36,2,2,NA,365,2.54,NA,NA,NA,NA,NA,NA,NA,NA,NA,NA
Lontra longicaudis,Negative,Negative,1,0,-56.50,-20.96,-0.31,2,6554.97,2,3,NA,NA,3.69,NA,NA,NA,NA,12885820.36,-6,-72.98,24.64,148.59,235.06
Lontra provocax,Negative,Negative,1,1,-56.50,-20.96,-0.31,NA,7499.98,2,2,NA,NA,NA,NA,NA,NA,NA,804793.49,-47.02,-69.24,3.79,53.46,75.3
Lutra lutra,Negative,Negative,NA,0,-56.50,-20.96,-0.31,1,8868.69,1,2,25.48,365,2.01,264,0.85,700.76,100.8,25877469.45,27.69,72.5,102.46,56.63,50.26
Lutra nippon,Negative,Negative,NA,NA,-56.50,-20.96,-0.31,NA,NA,NA,NA,NA,NA,NA,NA,NA,NA,NA,305747.47,39.47,138.34,323.22,125.1,83.36
Lutra sumatrana,Negative,Negative,NA,NA,-56.50,-20.96,-0.31,NA,5970.68,1,2,NA,NA,NA,NA,NA,NA,NA,1333065.92,2.88,107.22,181.06,228.88,249.18
Lutrogale perspicillata,Negative,Negative,0,1,-56.50,-20.96,-0.31,NA,8912.49,2,2,6.35,NA,3.24,180,4.42,943.94,72.53,5506788.05,11.88,82.79,236.22,154.44,247.08
Lycalopex culpaeus,Negative,Negative,0,0,-6.83,85.29,-17.38,1,8616.24,2,1,5.35,365,4.88,NA,1.01,377.37,48.22,2809619.42,-26.69,-71.61,17.94,56.2,88.75
Lycalopex fulvipes,Negative,Negative,0,0,-6.83,85.29,-17.38,NA,NA,NA,NA,NA,NA,NA,NA,NA,NA,NA,8795.59,-40.4,-73.68,24.53,153.53,104.98
Lycalopex griseus,Negative,Negative,0,1,-6.83,85.29,-17.38,NA,NA,NA,NA,NA,NA,NA,NA,NA,NA,NA,1620863.23,-38.9,-68.23,12.37,49.69,111.39
Lycalopex gymnocercus,Negative,Negative,0,0,-6.83,85.29,-17.38,1,4542.67,7,1,NA,365,3.09,164.4,NA,NA,NA,2321073.61,-26.27,-59.02,22.93,85.3,185.33
Lycalopex sechurae,Negative,Negative,NA,NA,-6.83,85.29,-17.38,1,4234,7,1,NA,NA,NA,NA,NA,NA,NA,75180.74,-8.14,-78.77,142.69,15,169.29
Lycalopex vetulus,Positive,Positive,0,0,-6.83,85.29,-17.38,NA,4233.47,6,1,NA,365,3,NA,NA,NA,NA,1486644.88,-14.56,-45.67,18.02,112.46,230.14
Lycaon pictus,Negative,Negative,0,1,-6.82,84.96,-17.30,3,21999.99,1,1,816.68,355.87,8.1,132,0.01,817.15,27.28,10539675.81,-2.74,18.43,27.77,68.95,235.55
Lyncodon patagonicus,Negative,Negative,NA,NA,-49.72,-15.28,-0.20,2,225,NA,1,NA,NA,NA,NA,NA,NA,NA,834663.98,-38.91,-69.04,4.91,29.73,100.22
Lynx canadensis,Negative,Negative,1,0,45.06,5.08,67.27,1,9682.82,1,1,32.79,365,2.73,321,0.05,672.9,111.36,8252985.31,53.82,-107.79,3.31,43.45,-31.76
Lynx lynx,Negative,Negative,1,0,45.06,5.08,67.27,2,19300,1,1,137.96,365,2.3,321.6,0.02,739.52,81.85,23827627.14,48.95,91.58,36.26,38.38,-17.24
Lynx pardinus,Negative,Negative,1,0,45.06,5.08,67.27,NA,11050,1,1,7.2,NA,2.5,NA,0.32,NA,NA,27058.5,39.94,-2.91,36.98,48.41,133.69
Lynx rufus,Negative,Negative,1,0,45.06,5.08,67.25,2,6374.47,1,1,33.36,365,2.76,388,0.1,668.22,59.99,9702533.02,37.75,-94.33,30.7,53.72,108.31
Macrogalidia musschenbroekii,Negative,Negative,NA,0,59.19,-16.60,-24.58,NA,5148.86,6,1,NA,NA,NA,NA,NA,NA,NA,22966.97,-0.85,122.28,37.15,226.87,197.06
Martes americana,Negative,Negative,1,0,-56.00,-20.54,-0.30,2,873.69,1,1,3.91,365,2.6,228,0.67,456.25,45.73,7620172.14,52.85,-107.58,4.32,48.46,-26.12
Martes flavigula,Negative,Negative,0,1,-55.99,-20.52,-0.30,3,2504.64,1,1,NA,182.5,3.53,168,NA,1262.74,89.49,5260689.7,20.7,104.18,141.77,134.9,149.09
Martes foina,Negative,Negative,1,0,-56.00,-20.54,-0.30,2,1675,1,1,2.28,365,3.78,217.2,NA,742.46,74.11,7011029.37,40.18,53.26,97.94,50.11,68.78
Martes gwatkinsii,Negative,Negative,0,1,-55.99,-20.52,-0.30,2,2038.49,3,1,NA,NA,NA,NA,NA,NA,90.73,9366.98,9.88,76.88,509.72,155.37,259.98
Martes martes,Negative,Negative,NA,0,-56.01,-20.54,-0.30,1,1299.99,1,1,2.31,365,3.49,204,0.44,508.47,54.19,8361437.29,53.35,37.01,75.76,51.92,42.55
Martes melampus,Negative,Negative,NA,0,-56.01,-20.54,-0.30,NA,1000,NA,1,NA,NA,NA,NA,NA,NA,NA,377250.77,36.26,134.09,400.13,132.97,103.02
Martes pennanti,Negative,Negative,NA,0,-55.93,-20.48,-0.30,2,3750,1,1,15.96,365,3.02,121.76,0.17,413.84,76.76,3481123.82,48.74,-97.45,7.19,54.09,9.25
Martes zibellina,Negative,Negative,NA,NA,-56.01,-20.54,-0.30,2,1173.91,6,1,15.2,NA,3.13,180,0.07,479.51,52.23,6492749.47,55.69,116.98,6.04,31.8,-78.28
Meles meles,Negative,Negative,1,1,-55.41,-20.04,-0.29,2,11884.03,1,1,1.42,365,3.11,194.4,2.52,420.91,91.3,NA,NA,NA,NA,NA,NA
Mellivora capensis,Negative,Negative,1,NA,-49.72,-15.28,-0.20,2,8999.99,6,1,NA,182.5,2.35,318,NA,NA,23.86,27823522.11,4.13,35.1,54.67,66.13,236.56
Melogale everetti,Negative,Negative,NA,0,-55.40,-20.03,-0.29,2,NA,6,1,NA,NA,2,NA,NA,NA,NA,213.93,6.08,116.54,89.5,227.5,236.5
Melogale moschata,Positive,Positive,NA,NA,-55.87,-20.43,-0.30,2,938.5,6,1,NA,NA,2,126,NA,NA,NA,1476533.73,25.77,107.91,325.78,120.32,163.76
Melogale orientalis,Negative,Negative,NA,1,-55.40,-20.03,-0.29,NA,NA,NA,NA,NA,NA,NA,NA,NA,NA,NA,13388.78,-7.52,110.97,984.27,201.99,238.22
Melogale personata,Negative,Negative,NA,0,-55.40,-20.03,-0.29,2,1845.26,6,1,NA,NA,2.5,NA,NA,NA,NA,312496.33,18.19,97.95,193.5,160,228.12
Melursus ursinus,Negative,Negative,NA,0,-32.92,-1.31,0.05,2,99999.99,6,1,8.15,1095,1.54,480,0.13,1262.74,194.67,417387.69,18.25,85.13,235.88,119.46,241.79
Mephitis macroura,Negative,Negative,0,0,-47.14,-12.90,-0.16,2,1097.76,1,1,NA,NA,4.68,NA,NA,NA,NA,1791883.52,23.58,-99.25,53.35,61.11,187.66
Mephitis mephitis,Positive,Positive,1,0,-47.14,-12.90,-0.16,1,2399.99,6,1,2.18,365,5.7,155,8.15,355.18,55.15,12277338.73,43.15,-94.89,28.88,52.67,75.97
Mirounga angustirostris,Negative,Negative,1,0,-41.94,-5.23,0.03,2,1112390.81,6,2,NA,365,1,243.5,NA,1522.5,27.37,NA,NA,NA,NA,NA,NA
Mirounga leonina,Negative,Negative,NA,NA,-41.94,-5.23,0.03,2,1600000,2,2,NA,365,1,276,NA,1607.08,22.93,NA,NA,NA,NA,NA,NA
Monachus monachus,Negative,Negative,NA,1,-41.92,-5.22,0.03,2,294881.33,6,2,NA,730,1,284.4,NA,1567.84,42.75,NA,NA,NA,NA,NA,NA
Monachus schauinslandi,Negative,Negative,1,0,-41.93,-5.22,0.03,1,222999.99,6,2,NA,467.39,1,360,NA,1687.65,37.13,NA,NA,NA,NA,NA,NA
Monachus tropicalis,Negative,Negative,NA,0,-41.93,-5.22,0.03,NA,197758.36,1,2,NA,547.5,1,NA,NA,NA,NA,NA,NA,NA,NA,NA,NA
Mungos gambianus,Negative,Negative,NA,1,62.25,-18.81,-28.95,3,1644.98,6,1,NA,NA,NA,NA,NA,NA,NA,1729257.01,9.06,-1.11,70.87,132.16,263
Mungos mungo,Negative,Negative,NA,1,62.25,-18.81,-28.95,3,1260,1,1,2.16,365,2.68,144,16.98,349.33,20.88,15894555.38,-8.34,16.93,33.16,78.76,238.55
Mungotictis decemlineata,Negative,Negative,0,1,60.63,-17.69,-26.79,3,657.03,2,2,NA,NA,0.99,NA,7.33,755.15,45.1,17099.69,-20.79,44.45,8.12,63.23,241.32
Mustela africana,Negative,Negative,1,NA,-56.36,-20.84,-0.31,NA,536.98,NA,1,NA,NA,NA,NA,NA,NA,NA,4349020.29,-4.15,-60.71,3.27,182.62,253.29
Mustela altaica,Negative,Negative,1,0,-56.48,-20.94,-0.31,2,180.24,1,1,NA,365,5.44,NA,NA,NA,56,7652386.33,41.08,103.12,66.51,50.88,-6.12
Mustela erminea,Negative,Negative,1,0,-56.45,-20.91,-0.31,2,284.5,1,1,0.11,365,6.74,85.23,6.25,93.09,60.93,39718064.94,50.89,-0.01,27.06,38.17,-28.22
Mustela eversmanii,Negative,Negative,1,1,-56.51,-20.96,-0.31,1,1684.21,1,1,NA,365,7.82,NA,NA,326.63,48.8,16554151.55,43.4,71.84,39.51,34.34,17.92
Mustela felipei,Negative,Negative,0,0,-56.36,-20.84,-0.31,NA,211.3,NA,1,NA,NA,NA,NA,NA,NA,NA,2258.77,2.02,-76.59,45.99,113.99,131
Mustela frenata,Negative,Negative,1,0,-56.36,-20.84,-0.31,2,190.03,1,2,0.22,365,6.5,85.23,0.76,200.69,34.23,12290918.8,19.52,-94.34,42.5,78.21,130.93
Mustela itatsi,Negative,Negative,1,0,-56.50,-20.95,-0.31,NA,NA,NA,NA,NA,NA,NA,NA,NA,NA,NA,362403.77,38.25,137.69,312.45,132.24,90.59
Mustela kathiah,Negative,Negative,NA,0,-56.42,-20.89,-0.31,NA,263.74,1,1,NA,NA,NA,NA,NA,NA,NA,320536.51,24.93,100.49,322.41,120.3,154.81
Mustela lutreola,Negative,Negative,NA,NA,-56.51,-20.96,-0.31,2,566.44,2,3,0.21,365,4.5,120,0.07,351.71,58.71,3568955.39,54.33,28.63,50.57,45.48,41.81
Mustela lutreolina,Negative,Negative,1,0,-56.51,-20.96,-0.31,2,466.25,1,1,NA,NA,NA,NA,NA,NA,NA,52045.25,-5.4,106.38,696.72,236.58,245.51
Mustela nigripes,Negative,Negative,NA,0,-56.51,-20.96,-0.31,1,907.1,1,1,1,365,3.36,144,2,371.23,59.66,NA,NA,NA,NA,NA,NA
Mustela nivalis,Negative,Negative,1,0,-56.48,-20.94,-0.31,2,78.45,1,1,0.08,273.75,5.07,120,12.89,169.99,36.74,43656881.02,51.84,-6.45E-08,36.98,37.52,-7.08
Mustela nudipes,Negative,Negative,1,0,-56.51,-20.96,-0.31,NA,569.42,NA,1,NA,NA,4,NA,NA,NA,NA,1430581.79,-0.87,107.22,149.19,239.47,248
Mustela putorius,Negative,Negative,1,0,-56.51,-20.96,-0.31,1,975.55,1,1,0.54,252.5,8.48,168,0.83,308.5,54.39,7565541.29,47.73,27.32,95.38,50.81,63.88
Mustela sibirica,Negative,Negative,1,0,-56.51,-20.96,-0.31,2,530.85,1,1,4.08,NA,6.48,106,NA,NA,58.2,20179461.96,38.46,96.87,78.36,45.25,22.48
Mustela strigidorsa,Negative,Negative,1,NA,-56.51,-20.96,-0.31,NA,1500,NA,1,NA,NA,NA,NA,NA,NA,NA,453670.13,19.97,96.48,81.35,163.3,159.57
Mustela subpalmata,Negative,Negative,1,0,-56.48,-20.94,-0.31,NA,NA,NA,NA,NA,NA,NA,NA,NA,NA,NA,51212.85,30.53,30.54,607.53,5.34,201.31
Mydaus javanensis,Negative,Negative,NA,NA,-46.88,-12.73,-0.16,1,2500,6,1,NA,NA,NA,NA,NA,NA,NA,764817.16,-0.8,107.18,188.31,242.37,248.86
Mydaus marchei,Negative,Negative,NA,0,-46.88,-12.73,-0.16,2,2500,NA,1,NA,NA,NA,NA,NA,NA,NA,12526.74,10.33,118.75,41.8,224,249.78
Nandinia binotata,Negative,Negative,1,0,31.21,1.80,9.90,1,2167.2,2,2,0.65,182.5,1.84,222,4.99,1015,63.81,5977079.52,-3.92,11.45,45.82,130.21,239.97
Nasua narica,Negative,Positive,NA,1,-50.11,-15.44,-0.20,2,4578.43,6,1,0.83,365,4,212,6.07,1009.04,132.63,2329129.95,21.26,-95.33,46.82,86.19,205.61
Nasua nasua,Negative,Negative,1,1,-50.11,-15.44,-0.20,3,3775.5,6,2,0.95,365,3.69,212.4,15.42,841.82,113.15,10694990.22,-11.55,-58.87,15.03,156.33,239.16
Nasuella olivacea,Negative,Negative,1,1,-50.10,-15.43,-0.20,2,1339.99,6,1,NA,NA,NA,NA,NA,NA,NA,111926.53,3.91,-74.3,79.9,118.71,177.03
Neofelis nebulosa,Negative,Negative,0,0,44.71,4.99,65.78,2,14945.05,1,2,NA,NA,2.25,204,NA,753.48,111.67,2913590.85,11.57,103.26,148.07,178.64,218.29
Neophoca cinerea,Negative,Negative,1,1,-42.09,-5.27,0.03,2,189274.99,6,2,NA,539.89,1.35,192,NA,1587.55,542.19,NA,NA,NA,NA,NA,NA
Neovison vison,Negative,Negative,1,0,-56.36,-20.84,-0.31,NA,NA,NA,NA,NA,NA,NA,NA,NA,NA,NA,13218592.49,48.16,-111.87,20.21,55.37,14.91
Nyctereutes procyonoides,Positive,Positive,1,1,-6.75,83.16,-16.84,1,4214.99,6,1,1.22,365,6.36,168,12.02,326.63,49.69,6704451.99,38.26,109.24,186.51,70.08,56.73
Odobenus rosmarus,Negative,Negative,1,1,-41.38,-5.07,0.03,2,1042996.25,6,2,NA,821.25,1.22,480,1.27,2315.02,591.36,NA,NA,NA,NA,NA,NA
Ommatophoca rossii,Negative,Negative,NA,0,-41.95,-5.23,0.03,2,208252.12,1,2,NA,365,0.96,252,0.16,1489.84,27.84,NA,NA,NA,NA,NA,NA
Otaria flavescens,Negative,Negative,1,1,-42.09,-5.27,0.03,NA,193670.53,6,2,NA,365,1,297.6,NA,1860.83,363.96,NA,NA,NA,NA,NA,NA
Otocyon megalotis,Positive,Positive,0,1,-6.75,83.14,-16.83,2,4098.12,1,1,1.36,182.5,4,165.6,1.18,420.91,42.46,5001822.67,-12.59,31.54,24.86,45.84,210.08
Pagophilus groenlandicus,Negative,Negative,1,0,-42.00,-5.24,0.03,NA,132250,6,2,NA,365,1,504,0.09,1862.3,11.45,NA,NA,NA,NA,NA,NA
Paguma larvata,Negative,Negative,NA,0,59.19,-16.60,-24.58,1,4300,6,1,2.7,182.5,2.16,216,NA,NA,109.13,5422715.54,15.3,96.38,171.13,149.56,176.11
Panthera leo,Negative,Negative,1,1,44.74,5.00,65.91,1,158623.93,1,1,103.85,730,2.75,360,0.11,987.77,197.86,11237685.34,-3.41,28.65,28.6,85.8,234.38
Panthera onca,Negative,Negative,1,0,44.74,5.00,65.90,2,83943.09,1,1,57.78,365,1.96,276,0.05,1184.16,156.6,10500825.25,-1.76,-73.43,12.65,158.66,242.03
Panthera pardus,Negative,Negative,1,0,44.74,5.00,65.91,2,52399.99,1,1,21.08,476.37,2.14,276,0.07,810.68,123.54,29348601.36,6.76,58.94,101.11,88.01,207.63
Panthera tigris,Negative,Negative,1,0,44.74,5.00,65.89,1,161914.66,1,1,69.69,821.25,2.6,315.6,0.03,1522.5,118.55,2494993.45,21.02,105.29,164.5,138.99,211.51
Paracynictis selousi,Negative,Negative,NA,NA,62.19,-18.77,-28.87,1,1669.72,1,1,NA,NA,2,NA,NA,NA,NA,2095494.67,-19.04,25.34,18.41,73.07,212.91
Paradoxurus hermaphroditus,Negative,Negative,NA,0,59.20,-16.61,-24.60,1,3200,6,1,3.89,182.5,3.29,269,NA,397.85,NA,7074837.93,12.12,99.45,232.74,152.93,232.59
Paradoxurus jerdoni,Negative,Negative,NA,0,59.20,-16.61,-24.60,1,3530.33,6,1,NA,NA,3,144,NA,NA,NA,14283.81,10.64,76.76,468.69,167.05,257.01
Paradoxurus zeylonensis,Negative,Positive,NA,0,59.20,-16.61,-24.60,1,2821.3,6,1,NA,NA,2.5,NA,NA,NA,NA,5405.27,6.93,80.63,443.85,170.31,245.82
Pardofelis marmorata,Negative,Negative,NA,0,44.91,5.04,66.64,1,2826.68,1,1,NA,NA,2,NA,NA,NA,NA,2298300.89,11.32,101.34,77.52,202.31,226.89
Phoca largha,Negative,Negative,0,1,-42.01,-5.25,0.03,2,98879.18,6,2,NA,365,1,426.13,NA,1497.64,27.84,NA,NA,NA,NA,NA,NA
Phoca vitulina,Negative,Negative,1,0,-42.01,-5.25,0.03,2,87316.66,1,2,NA,365,1,480,5.68,1526.85,30.74,NA,NA,NA,NA,NA,NA
Phocarctos hookeri,Negative,Negative,1,1,-42.09,-5.27,0.03,NA,273499.99,7,2,NA,365,1,NA,NA,2030,252.01,NA,NA,NA,NA,NA,NA
Poecilogale albinucha,Negative,Negative,NA,0,-56.40,-20.87,-0.31,1,308.16,1,1,NA,243.33,2.23,62.4,NA,914.79,76.56,6524644.39,-16.13,24.76,35.42,89.96,215.35
Poiana leightoni,Negative,Negative,NA,NA,59.64,-16.90,-25.14,NA,NA,NA,NA,NA,NA,NA,NA,NA,NA,NA,188494.8,6.45,-8.1,40.05,200.92,249.65
Poiana richardsonii,Negative,Negative,NA,0,59.64,-16.90,-25.14,1,570.08,6,1,NA,NA,2.23,64,1,NA,NA,2191921.08,-0.38,19.4,19.35,149.74,242.97
Potos flavus,Negative,Negative,1,1,-49.51,-15.02,-0.20,1,2441.81,4,2,0.21,365,1.11,348,34.21,858.41,109.13,12770952.51,0.3,-68.67,25.77,153.67,241.49
Prionailurus bengalensis,Negative,Negative,1,0,45.07,5.08,67.32,1,2780.97,1,1,1.76,165.56,2.5,180,NA,855.31,24.85,10201747.8,20.75,103.04,219.36,125.74,169.1
Prionailurus iriomotensis,Negative,Negative,0,0,45.07,5.08,67.32,NA,NA,NA,NA,NA,NA,NA,NA,NA,NA,NA,280.7,24.33,123.8,365,NA,NA
Prionailurus planiceps,Negative,Negative,NA,0,45.06,5.08,67.28,1,3533.76,2,1,NA,NA,NA,NA,NA,NA,NA,1100389.34,1.06,107.09,74.47,240.65,250.3
Prionailurus rubiginosus,Negative,Negative,0,0,45.06,5.08,67.28,1,1418.75,1,1,NA,NA,2.23,NA,NA,NA,NA,1372527.48,14.64,78.1,331.4,95.56,261.16
Prionailurus viverrinus,Negative,Negative,1,0,45.07,5.08,67.31,2,8826.46,1,1,NA,NA,2,120,NA,NA,135.96,3546617.17,10.29,95.38,246.55,160.45,233.96
Prionodon linsang,Negative,Negative,NA,0,31.92,1.68,10.47,1,684.83,6,1,NA,182.5,2.3,128.4,NA,NA,NA,1202013.54,3.95,107.22,172.11,236.46,249.83
Prionodon pardicolor,Negative,Negative,NA,0,31.92,1.68,10.47,1,1142.68,6,1,NA,182.5,2,NA,NA,NA,NA,1096040.96,21.41,97.91,112.92,142.71,182.62
Procyon cancrivorus,Negative,Negative,1,0,-50.12,-15.44,-0.21,1,6931.72,6,2,NA,NA,2.62,168,5.74,631.37,111.36,12829315.4,-11.16,-59.17,22.53,144.34,237.43
Procyon lotor,Positive,Positive,1,1,-50.12,-15.44,-0.21,2,6373.72,6,2,4.9,365,3.06,252,3.29,561.28,104.16,11703644.72,32.99,-94.43,38.77,63.25,111.84
Procyon pygmaeus,Negative,Negative,1,0,-50.12,-15.44,-0.21,1,2958.03,3,1,NA,NA,NA,NA,NA,NA,NA,490.76,20.42,-86.87,67.63,123,256
Profelis aurata,Negative,Negative,0,0,44.74,5.00,65.92,2,11277.17,1,1,NA,NA,2.25,NA,NA,650.61,119.32,4948244.43,2.48,10.96,30.06,138.04,242.44
Proteles cristata,Negative,Negative,1,0,58.63,-16.32,-24.15,1,8139.39,1,1,1.81,NA,2.64,300,0.81,631.37,125.73,6435462.88,-5.74,31.56,28.57,46.96,210.08
Pteronura brasiliensis,Negative,Negative,0,1,-56.40,-20.87,-0.31,3,26000,1,2,102.65,365,2.12,154,NA,NA,120.48,8075624.21,-8.52,-57.02,6.27,162.68,245.44
Puma concolor,Negative,Negative,1,0,45.04,5.07,67.17,2,53954.05,1,1,138.87,577.91,2.76,240,0.02,1034.61,48.46,22350859.07,3.28,-85.07,23.42,109.2,181.93
Puma yagouaroundi,Negative,Negative,1,0,45.04,5.07,67.17,2,6875,3,1,49.11,182.5,2.5,127.83,0.58,1052.28,NA,15093388.56,-3.2,-73.75,25.87,138.93,233.53
Pusa caspica,Negative,Negative,0,0,-42.02,-5.25,0.03,NA,62326.2,2,2,NA,365,1,600,1.47,2199.16,31.32,NA,NA,NA,NA,NA,NA
Pusa hispida,Negative,Negative,1,1,-42.01,-5.25,0.03,2,70963.6,6,2,NA,365,1,552,0.95,2251.64,45.23,NA,NA,NA,NA,NA,NA
Pusa sibirica,Negative,Negative,1,0,-42.01,-5.25,0.03,2,89499.99,1,2,NA,365,1,672,1.58,2276.14,66.11,NA,NA,NA,NA,NA,NA
Rhynchogale melleri,Negative,Negative,NA,NA,62.17,-18.75,-28.84,1,2240.33,6,1,NA,NA,2,NA,NA,NA,NA,2352914.33,-14.93,30.73,28.1,82.32,221.16
Salanoia concolor,Negative,Negative,NA,NA,60.63,-17.69,-26.79,3,711.49,3,1,NA,NA,NA,57.6,NA,NA,NA,41471.69,-17.01,49.28,31.35,197.43,205.2
Speothos venaticus,Negative,Negative,0,1,-6.82,84.96,-17.30,3,6324.54,1,1,NA,247.94,3.8,124,NA,344.87,127.3,9703966.13,-7.32,-58.42,20.52,151.5,240.47
Spilogale gracilis,Negative,Negative,1,1,-47.17,-12.92,-0.16,NA,NA,NA,NA,NA,NA,NA,NA,NA,NA,NA,3831634.7,36.59,-112.01,22.96,34.13,117.65
Spilogale putorius,Positive,Positive,NA,NA,-47.17,-12.92,-0.16,1,566.49,6,1,0.31,243.33,5.07,120,4.7,196.96,55.68,2957350.08,37.14,-92.13,32.08,72.47,134.16
Spilogale pygmaea,Negative,Negative,NA,NA,-47.17,-12.92,-0.16,2,365,6,1,NA,NA,4,NA,NA,NA,NA,95598.41,19.49,-100.42,36.44,97.2,217.13
Suricata suricatta,Negative,Positive,0,1,62.23,-18.79,-28.92,3,729.99,1,1,14.06,365,3.86,150,NA,377.37,55.68,1720747.74,-24.77,21.29,10.05,26.55,175.81
Taxidea taxus,Negative,Negative,1,0,-53.97,-18.85,-0.27,1,7842.15,1,1,3.45,365,2.76,312,1.94,365,41.99,8860573.16,38.45,-101.73,26.45,41.62,91.54
Tremarctos ornatus,Negative,Negative,1,0,-32.83,-1.31,0.05,2,123176.97,5,1,NA,NA,1.44,437,NA,NA,173.44,409517.73,-5.52,-71.63,35.22,125.36,179.82
Uncia uncia,Negative,Negative,1,0,44.74,5.00,65.89,2,32500,1,1,24.07,365,2.12,216,0.07,841.82,101.42,2744453.48,40.19,86.14,12.36,43.86,-46.81
Urocyon cinereoargenteus,Positive,Positive,0,1,-6.75,83.15,-16.84,2,3833.71,6,1,1.94,365,3.71,180,2.41,350.76,63.79,9010481.09,26.13,-94.96,52.72,69.98,148.41
Urocyon littoralis,Negative,Negative,0,0,-6.75,83.15,-16.84,2,1923,6,1,0.45,365,2.17,96,7,361.52,NA,511.92,33.98,-119.98,82.01,NA,NA
Ursus americanus,Negative,Negative,1,0,-32.93,-1.32,0.05,3,110500,1,1,34.07,821.25,2.39,384,0.72,1448.45,167.99,9650153.48,47.57,0,11.45,51.94,3.89
Ursus arctos,Negative,Negative,1,1,-32.93,-1.32,0.05,2,196287.5,6,1,333.82,912.5,2.24,600,0.02,1327.95,182.5,23972321.42,50.76,5.93,14.85,35.01,-46.56
Ursus maritimus,Negative,Negative,1,0,-32.93,-1.32,0.05,3,371703.81,3,1,82990.48,831.67,1.66,458.4,7.05E-03,1850.26,205.17,NA,NA,NA,NA,NA,NA
Ursus thibetanus,Negative,Negative,1,0,-32.93,-1.32,0.05,2,99714.19,3,1,0.83,365,1.5,422,NA,1015,82.01,5348705.49,28.27,102.35,156.32,111.63,126.64
Viverra civettina,Negative,Negative,NA,NA,59.01,-16.49,-24.37,1,12061.27,6,1,NA,NA,NA,NA,NA,NA,NA,14075.26,10.87,76.27,521.43,192.47,257.89
Viverra megaspila,Negative,Negative,NA,NA,59.01,-16.49,-24.37,NA,NA,NA,NA,NA,NA,NA,NA,NA,NA,NA,1595937.43,12.1,101.83,136.81,162.59,242.1
Viverra tangalunga,Negative,Negative,NA,0,59.01,-16.49,-24.37,1,7349.99,6,1,NA,NA,1.92,144,NA,NA,NA,1304276.8,0.54,107.22,67.69,244.56,248.46
Viverra zibetha,Negative,Negative,NA,0,59.01,-16.49,-24.37,1,9148.77,6,1,8.78,182.5,2.89,240,NA,NA,NA,4064204.47,16.64,103.93,189.5,149.37,187.9
Viverricula indica,Negative,Negative,1,0,58.93,-16.44,-24.28,2,2918.88,6,3,NA,NA,3.74,126,NA,NA,NA,8147745.62,11.89,94.37,262.87,126.95,216.69
Vormela peregusna,Negative,Negative,NA,0,-56.19,-20.70,-0.30,2,594.13,1,1,NA,365,5.07,107,NA,NA,NA,8883616.47,40.59,68.25,37.77,25.66,70.33
Vulpes bengalensis,Negative,Negative,0,0,-6.80,84.34,-17.14,2,2514.4,6,1,NA,365,3.49,120,NA,NA,NA,3182952.32,21.27,78.36,323.93,84.38,244.33
Vulpes cana,Negative,Negative,0,0,-6.79,84.29,-17.13,1,988.5,6,1,1.52,NA,2,120,1.25,380.55,44.74,2162391.85,27.06,49.02,33.51,19.76,165.74
Vulpes chama,Negative,Negative,0,1,-6.79,84.22,-17.11,1,2919.8,6,1,NA,NA,2.5,120,NA,311.36,NA,2079866.13,-25.18,21.48,15.78,30.71,179.11
Vulpes corsac,Positive,Positive,0,1,-6.80,84.34,-17.14,1,2615.33,6,1,NA,365,5.62,NA,NA,1024.89,54.56,6378396.4,41.96,92.4,22.43,19.36,37.75
Vulpes ferrilata,Negative,Negative,0,1,-6.83,85.24,-17.37,NA,5543.74,1,1,NA,NA,3.49,NA,NA,420.91,55.68,2339623.06,32.4,91.71,29.53,60.84,-34.54
Vulpes lagopus,Positive,Positive,0,1,-6.80,84.34,-17.14,2,3584.37,1,1,15.08,365,7.65,180,0.1,293.89,49.5,16988732.37,65.45,0,2.84,29.99,-90.38
Vulpes macrotis,Negative,Negative,1,1,-6.80,84.34,-17.14,NA,4499.97,NA,NA,8.41,NA,4.5,240,0.19,NA,NA,1790499.14,32.77,-111.19,13.4,24.17,135.39
Vulpes pallida,Negative,Negative,NA,1,-6.79,84.22,-17.11,1,2800.01,6,1,NA,NA,4,120,6.11,NA,NA,4166246.1,15,11.84,28.92,38.33,270.96
Vulpes rueppellii,Negative,Negative,0,1,-6.80,84.34,-17.14,1,3249.97,1,1,31.7,NA,2.12,NA,NA,NA,NA,11669070.9,24.61,27.22,23.42,8.65,221.83
Vulpes velox,Negative,Negative,0,1,-6.80,84.34,-17.14,1,2088,1,1,5.48,365,4.25,240,0.41,470.29,47.08,671658.66,38.43,-102.84,7.54,35.38,105.62
Vulpes vulpes,Positive,Positive,1,0,-6.80,84.34,-17.14,1,4820.36,1,1,3.51,365,4.59,180,1.1,321.07,50.71,63034304.34,43.1,0,66.44,46.58,34.32
Vulpes zerda,Negative,Negative,0,1,-6.79,84.29,-17.13,1,1317.13,6,1,NA,365,2.36,175,NA,294.06,65.56,6960271.02,25.73,15.99,3.93,3.55,245.56
Zalophus californianus,Negative,Negative,1,1,-42.09,-5.27,0.03,2,137194.86,6,2,NA,547.5,1.41,360,0.5,2023.55,319.01,NA,NA,NA,NA,NA,NA
